날짜,지점,평균기온(℃),최저기온(℃),최고기온(℃)
2020-01-01,156,-0.3,-4.9,5.7
2020-01-02,156,2.6,-2.6,8.4
2020-01-03,156,3.8,0.2,8.7
2020-01-04,156,3.4,-1.6,9.2
2020-01-05,156,4.9,-1.7,11.2
2020-01-06,156,7.1,4.7,8.8
2020-01-07,156,13.1,8.7,17.7
2020-01-08,156,5,4.1,10.3
2020-01-09,156,3.2,0.2,6.3
2020-01-10,156,2.8,-1.4,10.2
2020-01-11,156,3.6,-0.1,8.5
2020-01-12,156,3.4,2.2,5.4
2020-01-13,156,2.3,-0.5,5.5
2020-01-14,156,2,-0.3,6.5
2020-01-15,156,0.9,-2.2,5.2
2020-01-16,156,2.3,-1.1,7.8
2020-01-17,156,2.6,0.2,7.6
2020-01-18,156,2.2,-1.7,7.8
2020-01-19,156,3,0,7.2
2020-01-20,156,4,1.2,7.9
2020-01-21,156,3.6,-2.2,10.7
2020-01-22,156,5.4,3.1,6.7
2020-01-23,156,7.5,5.3,12.3
2020-01-24,156,7.1,2.5,12.7
2020-01-25,156,7.4,4.1,10.9
2020-01-26,156,8.2,3.8,11.7
2020-01-27,156,6,4.1,8.9
2020-01-28,156,7.3,3.7,13
2020-01-29,156,6.6,5.4,8.8
2020-01-30,156,5.9,3.7,10.1
2020-01-31,156,4.3,1.6,8.5
2020-02-01,156,3.9,-1,9
2020-02-02,156,4,0.6,9.3
2020-02-03,156,2,-1.3,6.6
2020-02-04,156,2.1,-3.2,8.2
2020-02-05,156,-1.7,-5.6,2
2020-02-06,156,-2.2,-7,3.2
2020-02-07,156,1.1,-3.8,5.6
2020-02-08,156,3,0.3,6.7
2020-02-09,156,2.5,-1,7.8
2020-02-10,156,5.6,-0.2,13.2
2020-02-11,156,7.8,-0.3,14.2
2020-02-12,156,9.9,8.1,12
2020-02-13,156,8.4,6,11.5
2020-02-14,156,11.3,4.6,19.8
2020-02-15,156,10.8,6.9,18.5
2020-02-16,156,1.3,-1.2,7.7
2020-02-17,156,-2,-3.7,0.3
2020-02-18,156,0.5,-3.2,4.7
2020-02-19,156,3.7,-2.9,11
2020-02-20,156,7.6,1.2,14.3
2020-02-21,156,9.3,1.8,17
2020-02-22,156,7.2,3.3,11.4
2020-02-23,156,5,0.6,11.2
2020-02-24,156,8.3,0.1,16.3
2020-02-25,156,12.4,9.7,14.6
2020-02-26,156,8.8,3.7,14.9
2020-02-27,156,7.2,1.4,13.9
2020-02-28,156,6.9,5.1,8.6
2020-02-29,156,9.3,5.3,15.2
2020-03-01,156,6.9,3.8,12.6
2020-03-02,156,6,3,10.2
2020-03-03,156,7.8,1.9,14.7
2020-03-04,156,4.9,0.2,9
2020-03-05,156,3.7,0,9.5
2020-03-06,156,5.7,-2.2,14.4
2020-03-07,156,5.7,3.4,7.5
2020-03-08,156,9.6,3.1,18
2020-03-09,156,9.4,5.1,13.9
2020-03-10,156,6.7,4.2,9.8
2020-03-11,156,5.6,2.7,9.7
2020-03-12,156,7.5,-0.6,17
2020-03-13,156,8,3.9,14.4
2020-03-14,156,5.9,0.3,10.9
2020-03-15,156,7,2.6,13
2020-03-16,156,5.4,0.2,12.5
2020-03-17,156,9.2,1.6,18.1
2020-03-18,156,12.5,6,20.6
2020-03-19,156,10.3,6.6,14.3
2020-03-20,156,10.6,5.4,16.9
2020-03-21,156,14.2,6.4,23.3
2020-03-22,156,14.6,8.9,21.9
2020-03-23,156,10.8,5.5,18.6
2020-03-24,156,11.4,4.7,20
2020-03-25,156,14.2,6.2,21.6
2020-03-26,156,13.7,10.6,16.8
2020-03-27,156,10.5,5.1,15.4
2020-03-28,156,7.3,4.8,10.9
2020-03-29,156,9,2.1,16.9
2020-03-30,156,11.9,8,18.8
2020-03-31,156,12.8,5.8,21
2020-04-01,156,10.7,6.6,17.7
2020-04-02,156,10.6,4.8,18.5
2020-04-03,156,10.9,3.9,18.4
2020-04-04,156,8.9,4.4,17.3
2020-04-05,156,7.8,2.9,14.8
2020-04-06,156,9.6,1.6,17.9
2020-04-07,156,12.1,6,20
2020-04-08,156,11.1,7.1,16.7
2020-04-09,156,9.8,4.6,16.1
2020-04-10,156,10.7,7,16.6
2020-04-11,156,7.8,5.8,10.8
2020-04-12,156,8.6,4.7,15.6
2020-04-13,156,9.5,5.2,14.8
2020-04-14,156,12.5,4.4,21.4
2020-04-15,156,12.9,6.3,21
2020-04-16,156,14.6,6.4,23
2020-04-17,156,13.4,9.9,17.7
2020-04-18,156,13,9.6,18.2
2020-04-19,156,11.5,9.9,14.7
2020-04-20,156,11.6,8.4,17.9
2020-04-21,156,10,6.6,14.4
2020-04-22,156,8.8,5.8,13
2020-04-23,156,9.5,5.1,14.4
2020-04-24,156,11.2,4.8,17.1
2020-04-25,156,14.2,6.7,22.6
2020-04-26,156,13,7.1,19.5
2020-04-27,156,12.8,7.1,19.7
2020-04-28,156,13.4,6.1,20.9
2020-04-29,156,15.7,8.2,24.1
2020-04-30,156,18.4,10,25.6
2020-05-01,156,21.6,18.8,26.5
2020-05-02,156,20.6,18.7,24.2
2020-05-03,156,19.1,16.5,24.3
2020-05-04,156,19.5,13.8,26.8
2020-05-05,156,17.9,12.4,22.8
2020-05-06,156,21.6,15.3,30.1
2020-05-07,156,19.9,14.6,26.7
2020-05-08,156,18.1,11.9,23.3
2020-05-09,156,17,12.9,20
2020-05-10,156,15,12.8,19.6
2020-05-11,156,18.8,13.2,26.5
2020-05-12,156,16.7,11.9,22.2
2020-05-13,156,16.9,10.4,23.5
2020-05-14,156,19.8,12.5,27.1
2020-05-15,156,18.2,16.1,20
2020-05-16,156,19.1,15.9,22.2
2020-05-17,156,20.6,15.9,27.9
2020-05-18,156,18.8,12.9,24.8
2020-05-19,156,13.5,11.6,15.8
2020-05-20,156,15.7,10.4,22.6
2020-05-21,156,18.1,11.6,25.3
2020-05-22,156,19.6,13.4,25.7
2020-05-23,156,20.2,13.3,26.2
2020-05-24,156,18.3,16.1,22.3
2020-05-25,156,18.5,15.3,23.7
2020-05-26,156,18.9,15.2,24.9
2020-05-27,156,19.5,15.5,25.7
2020-05-28,156,18.6,13.1,25.8
2020-05-29,156,21.3,13.5,28.8
2020-05-30,156,22.1,18.1,26.5
2020-05-31,156,20.1,16.3,23.6
2020-06-01,156,21.1,17.5,26.1
2020-06-02,156,21.3,14.2,27.8
2020-06-03,156,22.7,18.3,28
2020-06-04,156,24.9,20.2,31.4
2020-06-05,156,25,20.2,32.8
2020-06-06,156,24,20.6,30.4
2020-06-07,156,24.3,19.8,30.9
2020-06-08,156,26,19.5,33.7
2020-06-09,156,26.7,19.8,33.4
2020-06-10,156,24.9,21.4,32.1
2020-06-11,156,25.4,22.2,31
2020-06-12,156,25.4,22.6,31.3
2020-06-13,156,23.9,21.8,27.7
2020-06-14,156,23.1,21.4,26.2
2020-06-15,156,23.5,18.3,29.5
2020-06-16,156,24,18.9,29.9
2020-06-17,156,22.2,17.5,27
2020-06-18,156,18.3,17.2,19
2020-06-19,156,22.2,17.4,29
2020-06-20,156,22.9,19.6,28.3
2020-06-21,156,24.2,19.8,30.2
2020-06-22,156,24.5,19.6,31.1
2020-06-23,156,25.4,19.2,30.8
2020-06-24,156,23.1,21.6,25.5
2020-06-25,156,22.2,20.4,23.8
2020-06-26,156,23.8,19.9,28.8
2020-06-27,156,25.1,20.3,30.9
2020-06-28,156,25,20.9,30.2
2020-06-29,156,21.4,20,24.8
2020-06-30,156,20,18.3,22.7
2020-07-01,156,22.1,17.8,27.9
2020-07-02,156,23.1,18.6,28.1
2020-07-03,156,20.3,18.1,22.7
2020-07-04,156,20.1,17.9,22.8
2020-07-05,156,22.5,19.5,26.4
2020-07-06,156,22.9,20.4,25
2020-07-07,156,25.3,22.3,31.6
2020-07-08,156,24.8,20.3,30.8
2020-07-09,156,25,21.1,29.9
2020-07-10,156,24.7,22,28.3
2020-07-11,156,24.9,21.8,28.9
2020-07-12,156,21.9,20.1,24.1
2020-07-13,156,21.5,20,25.7
2020-07-14,156,19.5,18.9,20.2
2020-07-15,156,19.8,18.9,21.5
2020-07-16,156,22.7,19,28.3
2020-07-17,156,24.4,20.6,30.1
2020-07-18,156,23.7,21.4,26.8
2020-07-19,156,26.2,23.3,28.8
2020-07-20,156,24.8,21.8,27.2
2020-07-21,156,24.7,21.6,29.1
2020-07-22,156,23,22.1,24.1
2020-07-23,156,22.8,21.5,25
2020-07-24,156,20.9,19.8,22.7
2020-07-25,156,22,20.2,24.3
2020-07-26,156,23.3,19.6,28.4
2020-07-27,156,23.2,20.9,27.2
2020-07-28,156,25,22.5,29
2020-07-29,156,24.9,23.2,26.2
2020-07-30,156,26.8,24.8,30.1
2020-07-31,156,27.4,24.9,30.7
2020-08-01,156,26.3,23,30
2020-08-02,156,27.4,25.5,30.4
2020-08-03,156,27.7,25.6,30.3
2020-08-04,156,28.5,25.7,33
2020-08-05,156,28.2,26.1,31.2
2020-08-06,156,25.5,24.8,28.1
2020-08-07,156,24.5,23.2,26
2020-08-08,156,25,23,27.1
2020-08-09,156,27.7,24.6,31.7
2020-08-10,156,25.8,24.3,28.3
2020-08-11,156,26.9,25.3,30
2020-08-12,156,27.6,25.6,31.2
2020-08-13,156,28.4,25.7,31.8
2020-08-14,156,28.9,26.5,32.7
2020-08-15,156,28.6,25.7,32.9
2020-08-16,156,28.3,24.3,33
2020-08-17,156,28.6,25.3,33.9
2020-08-18,156,28.6,25,34.2
2020-08-19,156,28.2,23.4,34.4
2020-08-20,156,28.2,23.8,34
2020-08-21,156,27.9,24,33
2020-08-22,156,27.2,25.2,30.1
2020-08-23,156,27.4,24.2,32.2
2020-08-24,156,28.3,24,33.6
2020-08-25,156,29,24.1,33.8
2020-08-26,156,27.6,24.3,31
2020-08-27,156,28.4,26.5,31.4
2020-08-28,156,28.4,25.8,33.1
2020-08-29,156,27.1,25.3,30.9
2020-08-30,156,28.4,24.7,33.6
2020-08-31,156,27.2,25.5,32
2020-09-01,156,26.7,23,31.1
2020-09-02,156,24.9,23.2,27.6
2020-09-03,156,23.6,21.1,27.6
2020-09-04,156,24.1,20,28.7
2020-09-05,156,22,20.5,24.7
2020-09-06,156,20.6,19.2,22.4
2020-09-07,156,20.1,17.6,22.8
2020-09-08,156,24.1,21,27.9
2020-09-09,156,21.6,18.7,26.4
2020-09-10,156,22.8,19.7,28
2020-09-11,156,20.2,19.3,22
2020-09-12,156,21.4,19.2,25.8
2020-09-13,156,20.7,18.9,23.7
2020-09-14,156,22.3,19.7,26.7
2020-09-15,156,22.7,18,28.3
2020-09-16,156,22.1,20,24.7
2020-09-17,156,20.7,17.3,23.6
2020-09-18,156,19.9,16.9,25.3
2020-09-19,156,19.9,14.5,26
2020-09-20,156,19.1,13.9,25.3
2020-09-21,156,18.9,13,24.9
2020-09-22,156,18.4,15.7,23.5
2020-09-23,156,18.8,15.3,22.5
2020-09-24,156,21.2,16.8,26.6
2020-09-25,156,21.3,16,27.1
2020-09-26,156,20.9,17.1,26.5
2020-09-27,156,21,16.3,26.4
2020-09-28,156,19.9,15.7,25.6
2020-09-29,156,19.5,14.6,25.1
2020-09-30,156,19.3,15.5,25.4
2020-10-01,156,20.3,17,25.4
2020-10-02,156,20.8,16.2,25.8
2020-10-03,156,20.7,17,26.2
2020-10-04,156,18.3,15,20.6
2020-10-05,156,15.3,11.4,19.8
2020-10-06,156,15.9,11.2,21.2
2020-10-07,156,17.7,12.4,23.8
2020-10-08,156,18.2,13.9,24.1
2020-10-09,156,17.6,11.8,24.2
2020-10-10,156,18.2,13,24.4
2020-10-11,156,18.7,15,24.3
2020-10-12,156,17.8,14.8,23.3
2020-10-13,156,14.8,12,18.8
2020-10-14,156,14.8,10.7,20.3
2020-10-15,156,15,10.4,20.9
2020-10-16,156,13.8,10.2,17.9
2020-10-17,156,14.3,9,21.1
2020-10-18,156,15,9.5,21.9
2020-10-19,156,15.6,9.9,21.6
2020-10-20,156,16.2,9.9,23.2
2020-10-21,156,14.4,12.1,17.5
2020-10-22,156,13.7,11.6,18.8
2020-10-23,156,12,9.8,15.3
2020-10-24,156,11.5,8.8,15.6
2020-10-25,156,12.9,6.6,19.6
2020-10-26,156,13.4,7.7,20.6
2020-10-27,156,14.6,8.4,21.8
2020-10-28,156,15.1,10.7,20.9
2020-10-29,156,12.2,7.4,19
2020-10-30,156,12.8,6.5,19.8
2020-10-31,156,13.6,8,20
2020-11-01,156,12.4,10.8,13.4
2020-11-02,156,13.1,8.6,18.2
2020-11-03,156,8.8,5.5,12.9
2020-11-04,156,7.9,4.4,12.9
2020-11-05,156,10,2.3,17.2
2020-11-06,156,12.7,10.6,15
2020-11-07,156,13.4,9.6,21.3
2020-11-08,156,10.5,7.2,16.7
2020-11-09,156,8.6,4.1,13.8
2020-11-10,156,9.7,4.9,15
2020-11-11,156,10.6,3.7,18.3
2020-11-12,156,11.5,4.6,19.3
2020-11-13,156,11.7,5.2,20.1
2020-11-14,156,13.2,7.1,20.3
2020-11-15,156,13.7,9.1,20.1
2020-11-16,156,14.5,8,22.1
2020-11-17,156,16.6,12.7,22
2020-11-18,156,19.7,15.2,23.6
2020-11-19,156,17.4,12.3,21.5
2020-11-20,156,9,7.1,12.3
2020-11-21,156,10,2.7,16.5
2020-11-22,156,9.5,6.9,11.7
2020-11-23,156,5.9,2.8,9
2020-11-24,156,6.9,3.1,12.2
2020-11-25,156,8.1,2.9,13.6
2020-11-26,156,9.1,6.4,13.8
2020-11-27,156,7.7,5.7,10.7
2020-11-28,156,5.1,3.6,7
2020-11-29,156,4.5,2.7,7.1
2020-11-30,156,4.4,0.7,9.1
2020-12-01,156,4.3,-0.6,10.8
2020-12-02,156,5.3,0.9,11.3
2020-12-03,156,4.3,1.9,9.5
2020-12-04,156,3.3,-0.2,7.5
2020-12-05,156,4.5,-0.8,10.9
2020-12-06,156,5.1,-0.2,11.1
2020-12-07,156,5.1,0.2,10.7
2020-12-08,156,3.4,0.2,7.7
2020-12-09,156,3.9,-2,10.2
2020-12-10,156,6.5,3.9,10.8
2020-12-11,156,7,3.2,11.4
2020-12-12,156,6.6,3.5,10.5
2020-12-13,156,3.5,0.5,11.2
2020-12-14,156,-1.5,-3.9,1.1
2020-12-15,156,-2.7,-5.8,1.7
2020-12-16,156,-2.2,-4.9,1.3
2020-12-17,156,-0.3,-4.6,4.8
2020-12-18,156,1.7,-2.4,7.1
2020-12-19,156,-0.6,-3.9,3
2020-12-20,156,0.9,-2.6,5.4
2020-12-21,156,1.2,-3.1,7
2020-12-22,156,2.6,-1.6,7.8
2020-12-23,156,3.9,-1.2,10.1
2020-12-24,156,5.1,2.7,10.6
2020-12-25,156,2.7,-0.1,7.2
2020-12-26,156,3.9,-1.3,10.1
2020-12-27,156,5.2,3.8,6.7
2020-12-28,156,5.8,0.7,13.8
2020-12-29,156,3.3,-0.5,10.2
2020-12-30,156,-5.1,-7.8,-0.3
2020-12-31,156,-4.3,-8.9,-0.5
2021-01-01,156,-0.6,-5,3.5
2021-01-02,156,-0.3,-3.2,2.6
2021-01-03,156,-0.6,-3.5,3.7
2021-01-04,156,1.2,-3.6,6.9
2021-01-05,156,-0.2,-4,3.5
2021-01-06,156,-2.4,-5.9,1.9
2021-01-07,156,-8.4,-11.6,-1.7
2021-01-08,156,-9.9,-13.5,-5.5
2021-01-09,156,-7.6,-11.6,-1.8
2021-01-10,156,-5.1,-10.7,1
2021-01-11,156,-2.1,-4.9,0.2
2021-01-12,156,-0.5,-4.8,4
2021-01-13,156,4.3,-2.2,11.4
2021-01-14,156,6.6,0.6,12.7
2021-01-15,156,7.9,3.4,15.5
2021-01-16,156,0.3,-2.2,3.7
2021-01-17,156,-1.5,-4.7,2.1
2021-01-18,156,0.6,-2.2,6
2021-01-19,156,-1.3,-5.3,3.6
2021-01-20,156,3.2,-3.8,10.7
2021-01-21,156,7.6,3.7,12.2
2021-01-22,156,9.4,7.8,11.5
2021-01-23,156,9.3,7.9,11.5
2021-01-24,156,8.8,4.8,14
2021-01-25,156,8.8,4.4,15.5
2021-01-26,156,6.5,4.6,8.8
2021-01-27,156,5.1,2,10.3
2021-01-28,156,0.7,-4.3,6.9
2021-01-29,156,-3.2,-6.4,0.4
2021-01-30,156,1.8,-5,9.3
2021-01-31,156,6.2,-1,13.3
2021-02-01,156,8.3,4.1,10.3
2021-02-02,156,-1,-2.9,4.1
2021-02-03,156,0.3,-4.8,5.5
2021-02-04,156,1.6,-1.4,5.6
2021-02-05,156,2.8,-3,8.4
2021-02-06,156,5.7,-0.2,11
2021-02-07,156,7.4,2.5,14.3
2021-02-08,156,0.3,-1.7,3.9
2021-02-09,156,1.7,-3.6,8.6
2021-02-10,156,4,-2.8,11.7
2021-02-11,156,6.4,1,11.6
2021-02-12,156,9.3,3.8,17
2021-02-13,156,10.6,1.8,19.6
2021-02-14,156,10.9,6.3,16.5
2021-02-15,156,3.9,0.2,9
2021-02-16,156,0.4,-3.1,7
2021-02-17,156,-4.5,-5.8,-1.5
2021-02-18,156,-2.2,-5.4,0.8
2021-02-19,156,3.8,-2.7,11
2021-02-20,156,10.6,4.7,17.6
2021-02-21,156,13,5.2,22.6
2021-02-22,156,10.5,3,19
2021-02-23,156,3.6,-0.9,9.3
2021-02-24,156,3.9,-0.6,7.9
2021-02-25,156,4.7,2.5,6
2021-02-26,156,9.7,5,15.5
2021-02-27,156,9.4,4.2,15.8
2021-02-28,156,8.9,5.6,11.9
2021-03-01,156,11.5,5.1,16
2021-03-02,156,4.7,1.3,8.7
2021-03-03,156,6.2,-0.1,12.6
2021-03-04,156,6.9,4.5,8.8
2021-03-05,156,10.7,4.1,19.5
2021-03-06,156,10.4,5.7,17.2
2021-03-07,156,8.7,6,13.7
2021-03-08,156,8.6,5,16.1
2021-03-09,156,8.6,5.1,14.9
2021-03-10,156,10.6,3.2,19.3
2021-03-11,156,11.8,5.6,19.6
2021-03-12,156,9.2,7.1,12.4
2021-03-13,156,9.6,4.9,16.7
2021-03-14,156,9.8,4.4,16
2021-03-15,156,12.3,5.3,20.2
2021-03-16,156,11.3,4.8,17.2
2021-03-17,156,9.7,2.3,19.4
2021-03-18,156,11.7,4.8,21
2021-03-19,156,13.9,9.2,21.1
2021-03-20,156,9.7,6.8,13.3
2021-03-21,156,6.8,5,11
2021-03-22,156,7.5,3.7,12.6
2021-03-23,156,10.1,3.7,17.6
2021-03-24,156,11.8,5.7,17.1
2021-03-25,156,13.3,6.6,22.5
2021-03-26,156,14.8,5.8,25
2021-03-27,156,14.7,11.4,17
2021-03-28,156,12.4,10.2,17.3
2021-03-29,156,13.1,9.8,18.4
2021-03-30,156,14,8.5,21.3
2021-03-31,156,15.3,7.2,24
2021-04-01,156,16.7,10.6,22.7
2021-04-02,156,18.7,13.8,22.5
2021-04-03,156,16.8,13.1,18.5
2021-04-04,156,11,9.8,13.2
2021-04-05,156,12.4,7.1,19.4
2021-04-06,156,12.4,7.4,20
2021-04-07,156,14.1,6.9,23.2
2021-04-08,156,12.9,8.6,19
2021-04-09,156,13.3,7.1,20.8
2021-04-10,156,13.6,7.8,20.8
2021-04-11,156,15.6,8.4,23.3
2021-04-12,156,13.9,12.6,15
2021-04-13,156,10,5.5,14.5
2021-04-14,156,9.4,4.5,15.4
2021-04-15,156,11.8,3.6,19.5
2021-04-16,156,13.1,8.6,18.7
2021-04-17,156,11.3,7.8,16.5
2021-04-18,156,11,7.5,16.5
2021-04-19,156,12.8,4.8,21
2021-04-20,156,15.9,6.4,26.4
2021-04-21,156,19.2,11.3,26.6
2021-04-22,156,19.7,15.7,23.5
2021-04-23,156,21.3,17.2,26.9
2021-04-24,156,19.1,13.4,27.2
2021-04-25,156,17.8,12.5,25.9
2021-04-26,156,16.5,12.1,22.7
2021-04-27,156,16.6,11.9,21.6
2021-04-28,156,17.9,13.8,23.2
2021-04-29,156,17.4,11.8,23.3
2021-04-30,156,14.7,10.1,19.7
2021-05-01,156,10.6,8.6,14.1
2021-05-02,156,12.3,8.2,18.7
2021-05-03,156,15.6,7.6,23.8
2021-05-04,156,17.4,15.1,20.8
2021-05-05,156,15,10.9,20.6
2021-05-06,156,16,7.1,23.4
2021-05-07,156,16.3,11.5,22.1
2021-05-08,156,16.2,8.3,24.3
2021-05-09,156,17.5,10.5,24.5
2021-05-10,156,18.3,14.6,22.6
2021-05-11,156,19.4,15.8,23.2
2021-05-12,156,22.2,15.1,29
2021-05-13,156,22.5,16.5,30
2021-05-14,156,23,17.6,28.7
2021-05-15,156,21.6,19.3,23.4
2021-05-16,156,20.8,18.1,23.7
2021-05-17,156,15.9,14.4,18.1
2021-05-18,156,18.1,13.6,24
2021-05-19,156,21.2,14.4,28.2
2021-05-20,156,16.5,13.6,20.6
2021-05-21,156,16.4,13.9,20.4
2021-05-22,156,19.3,12.4,26.4
2021-05-23,156,22,14.2,30.4
2021-05-24,156,19.9,15.4,24.9
2021-05-25,156,17.6,13.3,22.8
2021-05-26,156,18.3,13.6,24.9
2021-05-27,156,16.8,13.8,22.8
2021-05-28,156,17.9,12.9,23.6
2021-05-29,156,19.4,13.1,25.9
2021-05-30,156,22.1,15.1,29.5
2021-05-31,156,23.7,17.8,29.3
2021-06-01,156,23.5,17.1,29.6
2021-06-02,156,23.4,19,28.4
2021-06-03,156,19.8,18.2,21.5
2021-06-04,156,20,16.3,25.2
2021-06-05,156,20.9,14.9,27
2021-06-06,156,22.8,17.4,28.7
2021-06-07,156,24.1,17.4,30.3
2021-06-08,156,25.5,18.7,31.9
2021-06-09,156,26,20.2,32.1
2021-06-10,156,23.6,21.2,26.4
2021-06-11,156,24.3,20,29.6
2021-06-12,156,25.1,21.3,30.3
2021-06-13,156,23.9,20.2,30
2021-06-14,156,23.4,18.9,27.5
2021-06-15,156,20.9,19.4,22.6
2021-06-16,156,23.4,19.7,28
2021-06-17,156,22.4,19.9,25.7
2021-06-18,156,21.3,19,23.6
2021-06-19,156,23.1,18.7,29
2021-06-20,156,24,18.6,30.5
2021-06-21,156,25.1,19.3,32.8
2021-06-22,156,24.3,19.5,29.7
2021-06-23,156,23,20.8,27.6
2021-06-24,156,23,20,27.5
2021-06-25,156,23.4,19.4,28.8
2021-06-26,156,23.9,20.2,29.2
2021-06-27,156,24.7,20,29.5
2021-06-28,156,22.8,20,28.8
2021-06-29,156,23.2,19.7,29.3
2021-06-30,156,23.9,20.7,28.8
2021-07-01,156,25.7,20.3,31.2
2021-07-02,156,26.1,22.4,31.4
2021-07-03,156,23.7,22.4,25.4
2021-07-04,156,23.1,21.9,25.4
2021-07-05,156,21.9,20.1,23.1
2021-07-06,156,23.1,21.4,24.5
2021-07-07,156,25.2,24.1,27.8
2021-07-08,156,25.6,23.3,29.8
2021-07-09,156,25.8,23.5,30.2
2021-07-10,156,26.4,23.7,31.3
2021-07-11,156,27.2,23.1,31.8
2021-07-12,156,28.1,24.9,32.4
2021-07-13,156,28.4,25.5,32.3
2021-07-14,156,28.2,26,31.4
2021-07-15,156,28.7,24,33.4
2021-07-16,156,25.9,22.8,32.7
2021-07-17,156,26.2,21.5,31.6
2021-07-18,156,27.3,23.4,32.1
2021-07-19,156,27.8,24.1,32.5
2021-07-20,156,27.7,24.7,31.1
2021-07-21,156,29,23.2,35.1
2021-07-22,156,28.7,23.7,32.9
2021-07-23,156,28.7,24.4,33.6
2021-07-24,156,29.1,25.8,32.8
2021-07-25,156,29,25.5,34
2021-07-26,156,28.3,24.7,32.8
2021-07-27,156,28.3,23,34.3
2021-07-28,156,28.9,24.7,33.9
2021-07-29,156,29,25,34.6
2021-07-30,156,28.1,23.6,33.2
2021-07-31,156,29.1,25.2,34
2021-08-01,156,28.2,25.7,32.6
2021-08-02,156,26.9,24.5,30.4
2021-08-03,156,27,23.3,31.3
2021-08-04,156,28.6,23.6,34.2
2021-08-05,156,28.8,24.7,33.2
2021-08-06,156,26.6,20.2,34.5
2021-08-07,156,27.8,22.8,34
2021-08-08,156,26,22.9,29.9
2021-08-09,156,27.2,22.7,33
2021-08-10,156,27.6,24.8,32.3
2021-08-11,156,26.5,22.5,30.9
2021-08-12,156,26.3,22.8,30.3
2021-08-13,156,25.6,22.8,29.5
2021-08-14,156,24.3,22.3,27.9
2021-08-15,156,24.7,21.8,30.8
2021-08-16,156,25.7,21.2,30.4
2021-08-17,156,25.5,20.4,30.7
2021-08-18,156,22.7,20,28.8
2021-08-19,156,22.7,20.2,28.3
2021-08-20,156,24.8,19.9,29.8
2021-08-21,156,24.5,23.3,25.9
2021-08-22,156,25.8,22.4,29.8
2021-08-23,156,24.1,22.7,26.1
2021-08-24,156,25.2,22.5,28
2021-08-25,156,25.2,23.3,28.7
2021-08-26,156,26.3,23.1,31.3
2021-08-27,156,23.5,21,28.2
2021-08-28,156,25.1,20.6,30.4
2021-08-29,156,25.5,23.5,27.7
2021-08-30,156,25.5,22.7,29.9
2021-08-31,156,26.5,22.9,31
2021-09-01,156,24.5,22,26.5
2021-09-02,156,21.6,20.6,24
2021-09-03,156,22.4,19.7,27.5
2021-09-04,156,23.4,20.1,26.8
2021-09-05,156,21.6,19.2,24.3
2021-09-06,156,21.2,18,23.1
2021-09-07,156,22.4,20.2,25.3
2021-09-08,156,22.7,20,27.5
2021-09-09,156,23.1,18.3,28.5
2021-09-10,156,23.1,21,25.9
2021-09-11,156,24.9,20.7,30.3
2021-09-12,156,24.8,20.6,30.1
2021-09-13,156,24.2,20.6,28.8
2021-09-14,156,22.5,20.4,25.6
2021-09-15,156,24.1,20.7,29.3
2021-09-16,156,21.3,18.2,25.3
2021-09-17,156,23.2,19.8,28
2021-09-18,156,23.3,19.8,27.9
2021-09-19,156,23.5,19.1,28.8
2021-09-20,156,23.9,19.2,28.3
2021-09-21,156,22.5,20.1,26
2021-09-22,156,23.2,18.6,29
2021-09-23,156,21.5,17.8,26.6
2021-09-24,156,20.9,15.8,27.1
2021-09-25,156,21.9,17.4,27
2021-09-26,156,22.2,19.1,26.5
2021-09-27,156,23,19.1,26.5
2021-09-28,156,22.7,20.8,25.8
2021-09-29,156,22.7,21.2,26.5
2021-09-30,156,23.5,17.2,32.4
2021-10-01,156,22,18.5,28.4
2021-10-02,156,22.8,18.3,29.4
2021-10-03,156,23.7,17.6,29.9
2021-10-04,156,25.5,22.9,30.2
2021-10-05,156,24.4,19.9,30.4
2021-10-06,156,23.9,18.7,29.9
2021-10-07,156,22.2,19.1,26.8
2021-10-08,156,22.3,19.5,25.7
2021-10-09,156,24.7,20.2,29.6
2021-10-10,156,24.1,20.3,30.7
2021-10-11,156,15.9,14.2,20.8
2021-10-12,156,17.4,15.7,18.8
2021-10-13,156,20.1,16.6,24.3
2021-10-14,156,21.8,18.1,26.9
2021-10-15,156,19.4,16.7,23.7
2021-10-16,156,13.6,8.9,17.3
2021-10-17,156,8.2,4.1,13.7
2021-10-18,156,11.4,3.6,19.1
2021-10-19,156,11.9,9.3,17.4
2021-10-20,156,10.5,6.8,15.3
2021-10-21,156,11.3,6.4,17.1
2021-10-22,156,11.6,6,17.1
2021-10-23,156,12.6,6.6,20.3
2021-10-24,156,13,7.2,19.9
2021-10-25,156,13.1,8.1,19.5
2021-10-26,156,13.6,6.9,20.1
2021-10-27,156,14.1,10,20.8
2021-10-28,156,13.8,7.6,21.6
2021-10-29,156,15.1,9.1,21
2021-10-30,156,13.9,11,17.4
2021-10-31,156,14.7,8.6,22.1
2021-11-01,156,14.5,10.8,20
2021-11-02,156,12.1,8.4,17.1
2021-11-03,156,12.2,6.5,18.1
2021-11-04,156,13.9,8.3,20.8
2021-11-05,156,13.7,8.8,19.3
2021-11-06,156,15.7,11.3,21.9
2021-11-07,156,16.6,10.3,23.8
2021-11-08,156,11.6,7.4,18.5
2021-11-09,156,8.4,7.1,11
2021-11-10,156,7.8,5.6,10.1
2021-11-11,156,8.1,5.2,11
2021-11-12,156,7,4.4,11.4
2021-11-13,156,9.1,4.6,15.3
2021-11-14,156,10.3,5.1,17.4
2021-11-15,156,10.8,5.3,16.6
2021-11-16,156,10.6,6.4,17.1
2021-11-17,156,9.5,4.3,16
2021-11-18,156,10.5,5.5,17.3
2021-11-19,156,11.5,6,18.1
2021-11-20,156,10.9,6.1,17.5
2021-11-21,156,12.3,8,15.7
2021-11-22,156,7.3,3.9,12.8
2021-11-23,156,4,2.2,5.4
2021-11-24,156,8.3,4,13.8
2021-11-25,156,9.8,6.1,16.1
2021-11-26,156,7.6,3.1,12.9
2021-11-27,156,7,2.6,13.7
2021-11-28,156,7.7,1.1,15.8
2021-11-29,156,8.9,2,17
2021-11-30,156,8.7,4.4,12.8
2021-12-01,156,2.4,0.1,5
2021-12-02,156,4.2,0.3,8.9
2021-12-03,156,5.9,4.2,8
2021-12-04,156,4.7,1.4,8.7
2021-12-05,156,5.4,-0.1,11.9
2021-12-06,156,8.3,3.3,15.1
2021-12-07,156,8,3.3,14
2021-12-08,156,8.1,2.3,15.2
2021-12-09,156,8.3,3,13.5
2021-12-10,156,9.9,7.3,15.4
2021-12-11,156,8.6,5,13.3
2021-12-12,156,6.3,2,10.9
2021-12-13,156,1,-1.6,5.6
2021-12-14,156,3.5,-2.5,9.8
2021-12-15,156,7.5,2.4,14.5
2021-12-16,156,7.8,5.4,11.6
2021-12-17,156,0.2,-5.1,7.6
2021-12-18,156,-2.3,-7.6,2
2021-12-19,156,3.3,0.2,7.5
2021-12-20,156,6.1,0.7,12.8
2021-12-21,156,7,2.4,14.1
2021-12-22,156,5.8,0.6,13.3
2021-12-23,156,5.4,-0.2,12.5
2021-12-24,156,3.7,0.5,11.3
2021-12-25,156,-3.8,-6.3,0.6
2021-12-26,156,-5.2,-8.3,-0.6
2021-12-27,156,-2.1,-7.7,4.4
2021-12-28,156,3.3,-0.1,8.2
2021-12-29,156,4.5,0.6,9.8
2021-12-30,156,1.9,-0.5,6
2021-12-31,156,-1.9,-4.4,1.7
2022-01-01,156,-0.1,-5.2,5.4
2022-01-02,156,0.7,-3.8,6.5
2022-01-03,156,0.4,-4.5,6.8
2022-01-04,156,2,-1,7.2
2022-01-05,156,2.2,-0.9,4.7
2022-01-06,156,2.4,-0.7,6.9
2022-01-07,156,0.9,-4.3,8.4
2022-01-08,156,1.7,-4.6,8.2
2022-01-09,156,3.3,0.4,9.2
2022-01-10,156,2.8,-2.2,9.7
2022-01-11,156,-1.6,-3.5,3
2022-01-12,156,-2.5,-5.7,1.2
2022-01-13,156,-2.5,-4,-0.3
2022-01-14,156,-0.9,-5,4.8
2022-01-15,156,2.2,-2.5,7.7
2022-01-16,156,1.9,-0.9,5.5
2022-01-17,156,0.4,-3,4.6
2022-01-18,156,-1.3,-5.6,4.3
2022-01-19,156,-0.1,-6.3,7.5
2022-01-20,156,-1.4,-6.4,5
2022-01-21,156,1.7,-4.9,8.2
2022-01-22,156,7.1,2.7,12.2
2022-01-23,156,7.1,3.6,11.8
2022-01-24,156,6,0.6,10.9
2022-01-25,156,5.7,3.4,7.6
2022-01-26,156,4.1,1.4,8.9
2022-01-27,156,2.4,-0.5,7.2
2022-01-28,156,1,-1.5,5.8
2022-01-29,156,0.6,-1.3,5
2022-01-30,156,0.7,-2.2,6.4
2022-01-31,156,1.4,-3.7,8
2022-02-01,156,1.8,-0.1,4.5
2022-02-02,156,1.4,-1.8,5.9
2022-02-03,156,0.5,-2.9,5.9
2022-02-04,156,-0.6,-4.1,4.7
2022-02-05,156,-2.1,-4.4,0.4
2022-02-06,156,-1.4,-5.1,4.9
2022-02-07,156,-0.1,-2.9,2.3
2022-02-08,156,1.8,-2.6,7.6
2022-02-09,156,3.3,-2.5,10.1
2022-02-10,156,4.2,1.1,9.2
2022-02-11,156,4.8,-1.8,12.1
2022-02-12,156,6.9,1.6,14.2
2022-02-13,156,7.8,3.9,13.1
2022-02-14,156,5.6,1.2,13.8
2022-02-15,156,-0.5,-3.1,2.8
2022-02-16,156,-3.1,-4.5,-0.8
2022-02-17,156,-3.9,-7.8,0.4
2022-02-18,156,1.4,-6.4,8.8
2022-02-19,156,2.2,-1.3,5.7
2022-02-20,156,-2.1,-4,2.1
2022-02-21,156,1,-4.5,7.6
2022-02-22,156,0.2,-2.8,4.2
2022-02-23,156,-2,-4.9,2.8
2022-02-24,156,0,-4.8,5.4
2022-02-25,156,3.3,-3.9,11.4
2022-02-26,156,6,-0.4,14.1
2022-02-27,156,6,1.2,12.4
2022-02-28,156,7.6,-0.7,16.5
2022-03-01,156,7.1,2.5,13
2022-03-02,156,4.1,-0.4,10
2022-03-03,156,6.7,-0.3,14.7
2022-03-04,156,10.5,5.9,17.3
2022-03-05,156,5.2,1.7,9.6
2022-03-06,156,3.3,0.1,9.1
2022-03-07,156,4.8,-0.9,13.2
2022-03-08,156,7.2,-0.5,16.3
2022-03-09,156,9.5,1.8,18.9
2022-03-10,156,11.3,3.1,19.4
2022-03-11,156,14.6,9.3,19.9
2022-03-12,156,17.1,12.2,22.8
2022-03-13,156,15.2,13.7,17.3
2022-03-14,156,11.9,6.4,15.9
2022-03-15,156,10.3,3.2,20.6
2022-03-16,156,13.3,5.8,22.2
2022-03-17,156,11.3,8.4,14.8
2022-03-18,156,8.5,7.3,10.8
2022-03-19,156,5.3,3.6,7.4
2022-03-20,156,5.2,3,8.8
2022-03-21,156,7.4,1.4,13.3
2022-03-22,156,8.2,3.8,13.3
2022-03-23,156,7.4,4.7,13.1
2022-03-24,156,9.8,2.2,18
2022-03-25,156,14.6,8.6,17.7
2022-03-26,156,10.5,6.8,16.2
2022-03-27,156,8.9,4.2,18.1
2022-03-28,156,9.4,3.2,16.4
2022-03-29,156,11.9,4.6,20
2022-03-30,156,14.9,7.9,21.6
2022-03-31,156,10.8,7.5,14.1
2022-04-01,156,10,5.2,16
2022-04-02,156,8.4,3.1,16.2
2022-04-03,156,9.7,2.1,18.2
2022-04-04,156,11.1,4.3,20
2022-04-05,156,11,3.4,19.3
2022-04-06,156,12.5,5.9,21.9
2022-04-07,156,12.2,6.8,19.5
2022-04-08,156,14.8,5.9,25.1
2022-04-09,156,17.8,11.2,25.3
2022-04-10,156,18.7,11.3,27.1
2022-04-11,156,20.5,14.7,28
2022-04-12,156,21.1,15,29.2
2022-04-13,156,17.9,14,22.3
2022-04-14,156,15.4,11.9,20
2022-04-15,156,14.4,10.4,20.6
2022-04-16,156,13.3,7.1,20.7
2022-04-17,156,13.8,5.7,21.8
2022-04-18,156,16.4,10.1,23
2022-04-19,156,16.3,9.4,25.7
2022-04-20,156,16.3,8.3,25.1
2022-04-21,156,15.4,11.5,20.6
2022-04-22,156,17.6,10.2,25.7
2022-04-23,156,19.5,15,26.7
2022-04-24,156,20.7,16.4,28.2
2022-04-25,156,19.7,14.6,26.6
2022-04-26,156,17.8,15.6,19.1
2022-04-27,156,16.9,11.9,24.3
2022-04-28,156,16.8,10.5,24.6
2022-04-29,156,14.2,10.7,19.3
2022-04-30,156,13.4,11.1,16.8
2022-05-01,156,13.6,8.2,19.4
2022-05-02,156,13.9,8.9,22.2
2022-05-03,156,14.4,6.9,22.5
2022-05-04,156,17,8.6,26.1
2022-05-05,156,19,10.9,26.6
2022-05-06,156,20.7,14.3,27.6
2022-05-07,156,18.2,13.4,24.4
2022-05-08,156,17.4,12,23.7
2022-05-09,156,17.3,14.7,22.1
2022-05-10,156,18.4,13,24.8
2022-05-11,156,20.8,16.4,25.7
2022-05-12,156,21.1,17.8,26.3
2022-05-13,156,17.9,14.7,20.7
2022-05-14,156,16.4,11.7,22.7
2022-05-15,156,16,11.7,21.7
2022-05-16,156,17.4,10,25
2022-05-17,156,19.9,11.5,28.2
2022-05-18,156,21.6,15.1,28.9
2022-05-19,156,20.7,15.9,26.1
2022-05-20,156,20.2,16.7,26.6
2022-05-21,156,20.7,14.6,27.7
2022-05-22,156,21.8,15.1,29.6
2022-05-23,156,22.6,16.8,30.3
2022-05-24,156,22.9,15.7,31.9
2022-05-25,156,22.3,16.6,30.9
2022-05-26,156,20.5,15.5,27.3
2022-05-27,156,20.8,15,27.9
2022-05-28,156,22.3,16.7,29.7
2022-05-29,156,22,16,29.3
2022-05-30,156,19.8,17.6,21.8
2022-05-31,156,22.1,14.8,30.3
2022-06-01,156,23.6,17.4,32.4
2022-06-02,156,22.7,16.7,30.5
2022-06-03,156,24.8,18.9,34.1
2022-06-04,156,24.7,18.2,30.4
2022-06-05,156,18.3,16.8,22.8
2022-06-06,156,20.2,16.6,25.1
2022-06-07,156,19.1,16.1,23.7
2022-06-08,156,19.5,15.8,24
2022-06-09,156,21.6,16.1,28
2022-06-10,156,22.4,16.9,27.6
2022-06-11,156,23,18.6,31.1
2022-06-12,156,22.6,19.1,27.3
2022-06-13,156,22,19.3,26.1
2022-06-14,156,18.8,17.1,21.3
2022-06-15,156,21.3,17.1,27
2022-06-16,156,23.3,19.1,28.1
2022-06-17,156,23.8,19.6,29.2
2022-06-18,156,24.9,21.9,29.7
2022-06-19,156,25.7,21.4,31.6
2022-06-20,156,26.3,22.4,33.6
2022-06-21,156,26.7,23.2,33.7
2022-06-22,156,27,21.5,33.5
2022-06-23,156,25.5,23.3,29.2
2022-06-24,156,24.6,22.5,28.3
2022-06-25,156,26.5,23.5,30.4
2022-06-26,156,27.3,24.8,31.1
2022-06-27,156,27.3,25.1,29.4
2022-06-28,156,27.7,25.8,30.6
2022-06-29,156,26.5,24.7,29.8
2022-06-30,156,27.1,24.5,30.2
2022-07-01,156,28.2,23.9,33.3
2022-07-02,156,28.5,22.8,34.8
2022-07-03,156,28.9,24.9,33.7
2022-07-04,156,27.2,24.1,31.5
2022-07-05,156,27.4,25.2,32
2022-07-06,156,29.1,25,34.5
2022-07-07,156,28.8,26,33
2022-07-08,156,26.6,24.4,30
2022-07-09,156,27,23.6,31.9
2022-07-10,156,28.2,24.3,33.9
2022-07-11,156,27.1,23.9,30.9
2022-07-12,156,27.4,25,31.8
2022-07-13,156,26,24.3,28.1
2022-07-14,156,27.3,24.4,31.1
2022-07-15,156,27,23,31.4
2022-07-16,156,26.5,22.3,32
2022-07-17,156,26.4,23.7,29.4
2022-07-18,156,23.7,20.2,26.5
2022-07-19,156,26.2,22.8,30.7
2022-07-20,156,27.2,22.9,33
2022-07-21,156,24.6,21.9,26.4
2022-07-22,156,25.1,21.9,30.1
2022-07-23,156,25.1,22.4,28.7
2022-07-24,156,23.9,23.2,25.1
2022-07-25,156,26.7,23.4,31.1
2022-07-26,156,27.3,23.7,32.1
2022-07-27,156,27.3,22.7,31.9
2022-07-28,156,28.5,23.8,33.2
2022-07-29,156,30.3,25.5,34.5
2022-07-30,156,28.5,26,30.5
2022-07-31,156,26.4,25.3,28.5
2022-08-01,156,27.6,25.5,30
2022-08-02,156,28,25.4,31.4
2022-08-03,156,27.9,25.6,31.4
2022-08-04,156,29,26.3,33.3
2022-08-05,156,29,26.6,32.5
2022-08-06,156,29.9,27.1,34.1
2022-08-07,156,29.9,27.3,34.2
2022-08-08,156,28.8,27.4,31.6
2022-08-09,156,28.7,26.8,32.2
2022-08-10,156,28.3,26.6,31
2022-08-11,156,26.3,25.6,27.4
2022-08-12,156,27.9,25.6,32
2022-08-13,156,27.9,24.4,31.8
2022-08-14,156,29.4,26.9,33.4
2022-08-15,156,29.4,27.6,32.9
2022-08-16,156,26.5,24.5,28.4
2022-08-17,156,26,23.6,30.2
2022-08-18,156,26.1,21.3,32
2022-08-19,156,27.4,22.5,32.2
2022-08-20,156,26.6,24.7,28.9
2022-08-21,156,27.4,24.1,32.1
2022-08-22,156,28,23.9,32.7
2022-08-23,156,26.5,24.5,29
2022-08-24,156,25.7,22.8,30.9
2022-08-25,156,24.9,21.8,29.9
2022-08-26,156,24.5,21,29.9
2022-08-27,156,22.8,19,26.8
2022-08-28,156,22.9,17.2,28.7
2022-08-29,156,21.7,19.8,23.5
2022-08-30,156,24.8,22,27.7
2022-08-31,156,23,21.1,27
2022-09-01,156,22.6,20.2,26.4
2022-09-02,156,23.1,20.1,27.1
2022-09-03,156,24.9,21.9,28.9
2022-09-04,156,26.5,23.6,31.4
2022-09-05,156,24,22.1,26
2022-09-06,156,21.5,18.6,25.5
2022-09-07,156,22.2,16.7,29.2
2022-09-08,156,23,16.9,29.3
2022-09-09,156,24.1,19.1,30
2022-09-10,156,22.6,19.6,26.9
2022-09-11,156,24.1,19,29.1
2022-09-12,156,23.1,21.5,24.3
2022-09-13,156,24.3,21.8,27.3
2022-09-14,156,25.3,21.5,30.1
2022-09-15,156,26.5,22.3,31.3
2022-09-16,156,26.8,24.2,31.3
2022-09-17,156,27.9,24.6,33.5
2022-09-18,156,28.7,24.6,34.5
2022-09-19,156,25.4,20.6,30.1
2022-09-20,156,20.8,16.9,25.9
2022-09-21,156,20.1,15.9,25.4
2022-09-22,156,20.3,13.9,26
2022-09-23,156,19.5,15.5,25.3
2022-09-24,156,19.1,14.1,24.6
2022-09-25,156,20,16.7,25.3
2022-09-26,156,19.8,17.1,23.5
2022-09-27,156,21.7,15.9,28.6
2022-09-28,156,21.1,17.3,25
2022-09-29,156,20.9,16.1,28.1
2022-09-30,156,21.7,15.2,29.7
2022-10-01,156,22.9,15.8,30.5
2022-10-02,156,23.6,17.8,29.8
2022-10-03,156,26.1,23.6,29.9
2022-10-04,156,19.5,16,25.2
2022-10-05,156,16.9,14.2,21.4
2022-10-06,156,17.1,13.9,21.3
2022-10-07,156,16.3,13.8,20.4
2022-10-08,156,16.7,11.9,21.5
2022-10-09,156,14.5,12.8,16.7
2022-10-10,156,12.8,10.7,16.2
2022-10-11,156,13.9,10.9,18.8
2022-10-12,156,14.7,8.3,21.7
2022-10-13,156,17.1,11.5,23.5
2022-10-14,156,17.5,12.5,24.3
2022-10-15,156,18.5,12.9,25.6
2022-10-16,156,18.1,13.6,24
2022-10-17,156,14.4,10.4,18
2022-10-18,156,11.1,7.3,15.2
2022-10-19,156,11.3,4.9,17.9
2022-10-20,156,13.9,5.9,21.8
2022-10-21,156,14.8,9,19.9
2022-10-22,156,17.3,13.5,22.8
2022-10-23,156,14.7,11.1,19.9
2022-10-24,156,11.6,8,15.9
2022-10-25,156,11.6,4.7,18
2022-10-26,156,13.6,7.2,19.9
2022-10-27,156,15.1,10,21.9
2022-10-28,156,14.7,9.1,22.1
2022-10-29,156,15.1,9.7,21.4
2022-10-30,156,15.9,10,21.9
2022-10-31,156,15.4,11.8,21.4
2022-11-01,156,14.5,9.1,21
2022-11-02,156,13,8.9,20.9
2022-11-03,156,12.2,5.6,20.1
2022-11-04,156,8.9,5.6,12.5
2022-11-05,156,9.1,4,15.2
2022-11-06,156,9.7,3.4,17
2022-11-07,156,11.4,5.1,19.1
2022-11-08,156,12.1,6,19.9
2022-11-09,156,12.4,5.8,19.9
2022-11-10,156,15,8.5,22.2
2022-11-11,156,16.7,11,24.4
2022-11-12,156,18.5,12.5,24.1
2022-11-13,156,11.6,9.4,19.3
2022-11-14,156,10.7,8,16.1
2022-11-15,156,9.5,5,15.1
2022-11-16,156,10.8,7.5,16.4
2022-11-17,156,11.3,6.5,17.8
2022-11-18,156,11.8,4.9,20.1
2022-11-19,156,13.5,6.6,21.2
2022-11-20,156,13.6,10.9,18.4
2022-11-21,156,12.6,7.7,18.2
2022-11-22,156,12.5,10.8,16
2022-11-23,156,11.9,7.9,16.5
2022-11-24,156,11,6.4,17.1
2022-11-25,156,11.6,4.9,18.3
2022-11-26,156,11.1,6,17.6
2022-11-27,156,9.7,2.8,17
2022-11-28,156,15.6,10,19.5
2022-11-29,156,11.3,4.5,18.2
2022-11-30,156,0.5,-1.7,4.5
2022-12-01,156,0.2,-2.5,3.9
2022-12-02,156,2.2,-2,7.4
2022-12-03,156,5.6,0.8,10.1
2022-12-04,156,2.4,-1,7.3
2022-12-05,156,0.7,-1.5,4.5
2022-12-06,156,3.3,-2,9.6
2022-12-07,156,5.5,1.4,11.2
2022-12-08,156,6.5,0.5,12.7
2022-12-09,156,7.4,2.8,12.1
2022-12-10,156,5.1,1.5,8
2022-12-11,156,5.1,1.7,9.3
2022-12-12,156,3.8,-0.6,7.7
2022-12-13,156,5.1,0.6,8.4
2022-12-14,156,-2.3,-4.5,1.4
2022-12-15,156,1.3,-5.2,7.1
2022-12-16,156,0.4,-1.2,3.4
2022-12-17,156,-2.2,-5.7,2.5
2022-12-18,156,-5,-6.9,-1.6
2022-12-19,156,-2.9,-7.5,1.7
2022-12-20,156,0.8,-5.3,7
2022-12-21,156,2.6,1.3,5.1
2022-12-22,156,-1.5,-4.4,2.2
2022-12-23,156,-4.1,-4.9,-3
2022-12-24,156,-5,-7.3,-1.4
2022-12-25,156,-2.7,-8,3.7
2022-12-26,156,-0.6,-4.9,4.3
2022-12-27,156,0.3,-4.2,5.7
2022-12-28,156,-0.2,-3.4,5.2
2022-12-29,156,0.7,-3.7,5.1
2022-12-30,156,1,-2.2,5.4
2022-12-31,156,1.4,-1.5,6
2023-01-01,156,1.3,-2.9,7
2023-01-02,156,-0.2,-2.5,3.2
2023-01-03,156,0.2,-3.2,4.8
2023-01-04,156,0.4,-4.1,5.4
2023-01-05,156,3,-0.5,8
2023-01-06,156,3.7,-1.2,8.4
2023-01-07,156,4.6,1.2,7.3
2023-01-08,156,3.2,-2.3,9.1
2023-01-09,156,3.9,0.4,11.5
2023-01-10,156,3.8,-2.6,10.9
2023-01-11,156,5.5,-0.2,13
2023-01-12,156,9.5,0.7,16.5
2023-01-13,156,14.3,11.5,16.1
2023-01-14,156,8,5.4,11.5
2023-01-15,156,1.9,-0.2,5.6
2023-01-16,156,-1,-3.8,2.1
2023-01-17,156,-0.4,-4.8,4.4
2023-01-18,156,0.9,-2.8,4.9
2023-01-19,156,2.6,-1.6,7.3
2023-01-20,156,0.7,-3.4,4.4
2023-01-21,156,-0.9,-5.3,4.7
2023-01-22,156,2.6,-1.9,6.6
2023-01-23,156,3.1,-1.4,9.7
2023-01-24,156,-7.7,-9.9,-0.4
2023-01-25,156,-7.9,-13.4,-1.8
2023-01-26,156,-2.7,-7.4,0.6
2023-01-27,156,-2.8,-4.5,-0.3
2023-01-28,156,-2.8,-7.7,1.9
2023-01-29,156,1.3,-3.5,6.2
2023-01-30,156,1.8,-1.3,6.3
2023-01-31,156,3.7,-3.7,11.5
2023-02-01,156,3.9,-0.8,10.7
2023-02-02,156,0.7,-2.5,6.3
2023-02-03,156,0.9,-1.5,5.6
2023-02-04,156,1.6,-2.5,7.3
2023-02-05,156,2.8,-3.4,11.1
2023-02-06,156,5.2,-2.6,13
2023-02-07,156,6.1,0.2,14.1
2023-02-08,156,4.5,-0.2,11.4
2023-02-09,156,5.9,0.1,12.7
2023-02-10,156,4.8,1.6,10
2023-02-11,156,4.3,0.2,8.7
2023-02-12,156,5.2,0.2,8.9
2023-02-13,156,7.3,3.6,12.5
2023-02-14,156,3.3,-0.9,8.6
2023-02-15,156,3,-0.6,6.2
2023-02-16,156,4.4,1.5,8.4
2023-02-17,156,5.2,0.1,9.3
2023-02-18,156,8.3,6.1,9.8
2023-02-19,156,4.5,0.1,8.5
2023-02-20,156,1.5,-1.3,8
2023-02-21,156,0.4,-4.5,6.3
2023-02-22,156,3.8,-2.7,11.9
2023-02-23,156,5.4,0.4,11.3
2023-02-24,156,6,1.5,12.4
2023-02-25,156,1.9,-0.9,6.9
2023-02-26,156,3,-2.8,10.7
2023-02-27,156,5.7,-1.9,15.2
2023-02-28,156,8.1,-0.5,16.5
2023-03-01,156,8.3,4.4,12.9
2023-03-02,156,3.5,-0.4,7.5
2023-03-03,156,5.1,-2.3,13.8
2023-03-04,156,8.5,1.9,17
2023-03-05,156,9.3,2.5,17.4
2023-03-06,156,9.9,2.5,18.2
2023-03-07,156,13.1,5.5,21.5
2023-03-08,156,14.5,6.8,20.5
2023-03-09,156,15.6,10.5,22.2
2023-03-10,156,15.3,6.7,25
2023-03-11,156,16.5,9.3,24.6
2023-03-12,156,8.8,2.1,16.8
2023-03-13,156,5.3,1,11
2023-03-14,156,9.9,1.3,18.9
2023-03-15,156,14,8,22.1
2023-03-16,156,8.7,3.8,15.2
2023-03-17,156,9.4,5.2,12.5
2023-03-18,156,10.3,6.1,16.4
2023-03-19,156,9.7,4,18.3
2023-03-20,156,11.3,3.3,19.3
2023-03-21,156,16.3,9.8,24.5
2023-03-22,156,16.2,11,22.1
2023-03-23,156,14.7,9.8,17.8
2023-03-24,156,10.4,8,14.7
2023-03-25,156,10.7,7.4,13.9
2023-03-26,156,9.9,5.5,16.1
2023-03-27,156,8.1,2.5,15.4
2023-03-28,156,10.1,3.1,17
2023-03-29,156,12.9,4.5,22.2
2023-03-30,156,14.7,6.8,23.3
2023-03-31,156,16.3,8.4,25.2
2023-04-01,156,16.9,8.6,26.9
2023-04-02,156,17.5,9.6,25.3
2023-04-03,156,17.9,10.4,25.9
2023-04-04,156,15.9,12.7,20.1
2023-04-05,156,13.6,9.3,16.6
2023-04-06,156,9.6,7.8,11.6
2023-04-07,156,8.8,5,14.6
2023-04-08,156,9.2,2.8,16.1
2023-04-09,156,11,3.7,19.2
2023-04-10,156,13.5,5,22.1
2023-04-11,156,16,12.4,21.4
2023-04-12,156,13.2,7.7,19.4
2023-04-13,156,15.1,5.5,24.9
2023-04-14,156,14,10,18.7
2023-04-15,156,14.3,9.7,20.1
2023-04-16,156,12,9.1,19.1
2023-04-17,156,14.7,6.6,23.3
2023-04-18,156,18.2,16,20.3
2023-04-19,156,19.9,17.1,24.3
2023-04-20,156,20.6,15.5,28.4
2023-04-21,156,18.1,13.9,25.5
2023-04-22,156,17.5,13.9,23.9
2023-04-23,156,16,11.7,20.8
2023-04-24,156,15.3,12.9,18.3
2023-04-25,156,10.9,8.6,13
2023-04-26,156,10.2,5.9,16.4
2023-04-27,156,14,3.9,24.2
2023-04-28,156,16.8,8.9,23.1
2023-04-29,156,15,10,18.6
2023-04-30,156,14.3,7.9,21.6
2023-05-01,156,16.4,10.3,22.7
2023-05-02,156,18.2,10.3,27.1
2023-05-03,156,17.9,13.5,22.1
2023-05-04,156,18.1,17,19.5
2023-05-05,156,19.9,18.1,22
2023-05-06,156,17.2,15.2,20.5
2023-05-07,156,12.2,9.5,15.3
2023-05-08,156,15.4,7.4,23.1
2023-05-09,156,17,8.7,25.3
2023-05-10,156,18.8,11.2,26.7
2023-05-11,156,19.6,12.6,27.8
2023-05-12,156,18.6,14.5,24.3
2023-05-13,156,18.7,14.8,24.6
2023-05-14,156,19.3,12.3,26.6
2023-05-15,156,20.9,13.2,28.5
2023-05-16,156,23.2,16.3,32
2023-05-17,156,23.4,16.6,30.3
2023-05-18,156,18.2,16.5,22
2023-05-19,156,20.4,15.1,25.3
2023-05-20,156,20.6,16.4,27.8
2023-05-21,156,18.7,16.1,24.1
2023-05-22,156,17,14.5,21.3
2023-05-23,156,19,12.8,26.7
2023-05-24,156,20,14,25.5
2023-05-25,156,21.2,16.8,27
2023-05-26,156,21.4,17.4,25.9
2023-05-27,156,22.7,21,27.8
2023-05-28,156,22.7,20.2,26.8
2023-05-29,156,21.2,20.8,22.2
2023-05-30,156,21.4,20.1,23.9
2023-05-31,156,22.9,18.4,28.9
2023-06-01,156,19,17.5,21.1
2023-06-02,156,22.2,18.1,27.9
2023-06-03,156,22,16,28.2
2023-06-04,156,22.4,17.1,28
2023-06-05,156,21.2,18.9,25.2
2023-06-06,156,21.6,17.6,28.4
2023-06-07,156,21.7,16.4,28.6
2023-06-08,156,22.5,18.1,29
2023-06-09,156,24.2,19.2,30.5
2023-06-10,156,24.1,20.8,30.9
2023-06-11,156,24.5,21.4,30.7
2023-06-12,156,23.8,19.9,30.8
2023-06-13,156,23.4,18.7,29.3
2023-06-14,156,22.8,18.2,29.1
2023-06-15,156,22.8,17.6,29.3
2023-06-16,156,24.3,17.5,32.4
2023-06-17,156,24.8,19.7,31.3
2023-06-18,156,25.8,21,33.5
2023-06-19,156,26.6,20.2,34
2023-06-20,156,24.3,20.9,30.2
2023-06-21,156,22.2,20.7,23.4
2023-06-22,156,22.8,20.2,27.5
2023-06-23,156,25,19,32.1
2023-06-24,156,25.6,21.4,31.9
2023-06-25,156,22.7,20.5,28
2023-06-26,156,24,21.2,26
2023-06-27,156,25,20.7,30.2
2023-06-28,156,22.7,19.6,25.3
2023-06-29,156,24.6,23.3,26.3
2023-06-30,156,24.1,22.8,25.9
2023-07-01,156,25.3,22.7,31.2
2023-07-02,156,26.8,22.5,31.5
2023-07-03,156,27.1,24.4,31.7
2023-07-04,156,24.7,23.5,25.9
2023-07-05,156,25.6,22.7,30
2023-07-06,156,26.3,21.3,33.4
2023-07-07,156,23.7,21.7,24.9
2023-07-08,156,26.5,24.1,30.6
2023-07-09,156,27.2,25.4,31
2023-07-10,156,27.4,22.5,32.3
2023-07-11,156,24.8,22.2,27.5
2023-07-12,156,25.8,23.6,28.8
2023-07-13,156,26.1,24.8,27.7
2023-07-14,156,25.4,24.3,26.4
2023-07-15,156,24.7,22.2,26.6
2023-07-16,156,24.2,22.1,29.1
2023-07-17,156,25,22.8,32
2023-07-18,156,24.5,23.3,26.5
2023-07-19,156,26.2,23.5,30.8
2023-07-20,156,26.9,23.6,31.8
2023-07-21,156,27.1,23.3,33
2023-07-22,156,24.5,21.7,26.6
2023-07-23,156,25.9,24.7,28.9
2023-07-24,156,25.2,21.6,29
2023-07-25,156,27.1,24.3,30.8
2023-07-26,156,27.4,24.6,32.7
2023-07-27,156,28.2,23.8,34
2023-07-28,156,28,24.7,32.4
2023-07-29,156,29.6,24.5,34.7
2023-07-30,156,28.5,25,33.4
2023-07-31,156,28.6,24,34.3
2023-08-01,156,29.9,25.2,35.1
2023-08-02,156,29.3,25.9,34.9
2023-08-03,156,29.4,25.5,34.1
2023-08-04,156,29.6,25,34.4
2023-08-05,156,30.2,25.4,35.7
2023-08-06,156,29.9,26.3,35.6
2023-08-07,156,29.1,25.6,35.4
2023-08-08,156,28.8,24.9,35.5
2023-08-09,156,26.2,24.3,29
2023-08-10,156,23.3,22.2,25.1
2023-08-11,156,26.8,23,31.6
2023-08-12,156,26.6,22.8,30.2
2023-08-13,156,27.7,23.5,31.8
2023-08-14,156,28.5,25,33.6
2023-08-15,156,28.1,24.4,32.5
2023-08-16,156,27.7,24.5,32.7
2023-08-17,156,27.5,23.9,32.8
2023-08-18,156,27.3,24.2,33.5
2023-08-19,156,28.3,24.5,32.7
2023-08-20,156,28.6,24.8,34.1
2023-08-21,156,28.8,25.3,33
2023-08-22,156,28.4,26.2,32.5
2023-08-23,156,25.4,23.2,29.9
2023-08-24,156,25.2,23.7,28.9
2023-08-25,156,26.2,23.1,31.2
2023-08-26,156,26,20.7,32.3
2023-08-27,156,27,22.6,32.2
2023-08-28,156,26.9,24.3,30.3
2023-08-29,156,25.5,23.1,28.9
2023-08-30,156,21.9,19.8,23.6
2023-08-31,156,23.6,19.9,28.9
2023-09-01,156,24.6,20.3,30.1
2023-09-02,156,24.3,22,27.2
2023-09-03,156,27.1,23.1,31.1
2023-09-04,156,26.6,23.3,32.8
2023-09-05,156,27,22.8,32.2
2023-09-06,156,27,22.4,32.6
2023-09-07,156,25.7,21.6,30.6
2023-09-08,156,24.7,19.3,29.9
2023-09-09,156,25.1,19.8,30.7
2023-09-10,156,25.3,21.8,30.7
2023-09-11,156,25.4,20.9,30.6
2023-09-12,156,25.1,21.5,29.2
2023-09-13,156,22.5,20.1,25.4
2023-09-14,156,22.2,20.2,26
2023-09-15,156,23.9,21.5,27.7
2023-09-16,156,23.7,22.7,27.1
2023-09-17,156,24.7,22.2,28.7
2023-09-18,156,25.3,22.1,30.4
2023-09-19,156,24.5,21.2,28.6
2023-09-20,156,23.6,21.3,25.5
2023-09-21,156,21.3,19.6,25
2023-09-22,156,20.9,16.9,26.5
2023-09-23,156,20.5,16.3,25.4
2023-09-24,156,21.5,16.7,27.9
2023-09-25,156,22.6,18.9,26.7
2023-09-26,156,23.2,21.4,25.6
2023-09-27,156,22.5,20.9,25.5
2023-09-28,156,22.9,20.1,27.5
2023-09-29,156,21.7,16.5,27.1
2023-09-30,156,19.2,15.1,23.6
2023-10-01,156,19.6,15.7,24
2023-10-02,156,18.9,13.7,24.7
2023-10-03,156,16.9,14.6,19.8
2023-10-04,156,18.3,12.7,24.6
2023-10-05,156,16.7,14.2,20.5
2023-10-06,156,16.7,12.8,21.2
2023-10-07,156,17.5,14.2,20.3
2023-10-08,156,17.9,14.9,22.7
2023-10-09,156,18.7,15.7,23.2
2023-10-10,156,18,14.5,22.5
2023-10-11,156,18.6,13.3,24.3
2023-10-12,156,18.4,13.2,24.2
2023-10-13,156,18.1,13.9,22
2023-10-14,156,17.5,13.2,22.5
2023-10-15,156,17.1,13.2,22.4
2023-10-16,156,15.8,12.4,20.6
2023-10-17,156,14.9,9.4,21.7
2023-10-18,156,16.3,9.3,23.7
2023-10-19,156,17.2,12.1,23.4
2023-10-20,156,13.3,10.8,17.1
2023-10-21,156,12.5,8.5,17.8
2023-10-22,156,12.9,7.3,19
2023-10-23,156,14.9,9.7,21.5
2023-10-24,156,15,9.6,21.1
2023-10-25,156,17.2,11.7,23.7
2023-10-26,156,17.8,13.3,23.5
2023-10-27,156,15.6,12.5,19.8
2023-10-28,156,14.9,9.1,20.9
2023-10-29,156,16,10.4,22.6
2023-10-30,156,16.1,11.2,22.1
2023-10-31,156,15.7,9.6,23.2
2023-11-01,156,18.6,13.1,24.9
2023-11-02,156,19.7,15.1,27
2023-11-03,156,19.4,14.4,25.9
2023-11-04,156,20,16.9,24.8
2023-11-05,156,20.7,18.6,24.2
2023-11-06,156,16.2,12.2,22.5
2023-11-07,156,10.8,6.5,14.8
2023-11-08,156,11.4,3.6,19
2023-11-09,156,15.4,8.6,20.6
2023-11-10,156,8.5,3.2,15.6
2023-11-11,156,5.5,1.8,10.2
2023-11-12,156,5.7,3.5,9.5
2023-11-13,156,5.4,1.6,10
2023-11-14,156,8.2,3.9,13.2
2023-11-15,156,8.7,4.2,15
2023-11-16,156,7.2,5.5,8.3
2023-11-17,156,4.9,0.4,8.4
2023-11-18,156,4.6,-0.8,8
2023-11-19,156,9.2,3,14.6
2023-11-20,156,9,4.6,15.4
2023-11-21,156,8.8,2.3,16.5
2023-11-22,156,11.3,3.9,18.7
2023-11-23,156,13.3,7.1,19
2023-11-24,156,4,0.8,7.3
2023-11-25,156,1.9,-1.8,7.1
2023-11-26,156,5.3,-1.3,11.5
2023-11-27,156,8.9,6.5,12.1
2023-11-28,156,6.4,3.3,9.3
2023-11-29,156,5.5,2.4,8.2
2023-11-30,156,1.2,-1,4.4
2023-12-01,156,1.7,-1,5.2
2023-12-02,156,4.1,-0.1,6.8
2023-12-03,156,5.5,1.7,9.6
2023-12-04,156,4.4,-1.4,9.6
2023-12-05,156,7.6,1.9,15
2023-12-06,156,8.7,3.6,14.7
2023-12-07,156,8.7,4.9,13.5
2023-12-08,156,14.1,6.4,19.9
2023-12-09,156,15.9,12.6,20.2
2023-12-10,156,15.3,11.4,20.3
2023-12-11,156,13.3,12.6,14.3
2023-12-12,156,9.4,8.3,13.2
2023-12-13,156,10.8,6.9,15.3
2023-12-14,156,11.4,10.4,12.1
2023-12-15,156,11,6.8,16.7
2023-12-16,156,0.3,-3,6.8
2023-12-17,156,-4.3,-6.2,-1.7
2023-12-18,156,-2.3,-6.7,1.1
2023-12-19,156,1.7,-1.8,4.3
2023-12-20,156,-1.6,-6.5,2.7
2023-12-21,156,-6.4,-8.1,-3.5
2023-12-22,156,-5.8,-9.6,-1.4
2023-12-23,156,-2.1,-7.3,2.8
2023-12-24,156,0.3,-1.6,3.2
2023-12-25,156,1.2,-1.7,4.7
2023-12-26,156,3.5,-0.7,8.7
2023-12-27,156,4.9,0.9,10.8
2023-12-28,156,3.5,-0.2,9.4
2023-12-29,156,3.2,-0.9,8.7
2023-12-30,156,3.9,-0.7,8
2023-12-31,156,5.9,4.8,8
2024-01-01,156,5.5,1.3,9.3
2024-01-02,156,5.8,3.8,8.3
2024-01-03,156,4,2.1,7.6
2024-01-04,156,3.6,-0.6,8.6
2024-01-05,156,6.9,1.4,12.6
2024-01-06,156,4.4,1.4,8.1
2024-01-07,156,0.8,-2.2,3.7
2024-01-08,156,-0.6,-4.9,4.6
2024-01-09,156,2.2,-2,6.2
2024-01-10,156,2.4,-1.1,6.6
2024-01-11,156,2.4,-2.8,7.5
2024-01-12,156,5.2,1.7,10.3
2024-01-13,156,3.3,-0.9,8.5
2024-01-14,156,5.4,-1,14.7
2024-01-15,156,0.6,-2.6,5.2
2024-01-16,156,2.4,-3.3,8.7
2024-01-17,156,6.4,3,9.7
2024-01-18,156,8.5,7.5,10.1
2024-01-19,156,7.4,5.8,9.2
2024-01-20,156,5.7,4.6,6.9
2024-01-21,156,5,2,8.8
2024-01-22,156,-2.7,-5,2.1
2024-01-23,156,-5.2,-6.7,-3.4
2024-01-24,156,-3.7,-7,-1
2024-01-25,156,-1.7,-5.5,2.4
2024-01-26,156,1.4,-3.5,6.3
2024-01-27,156,2.4,-1,7.5
2024-01-28,156,1.8,-1.4,6.1
2024-01-29,156,1.4,-2.2,5.8
2024-01-30,156,4.2,-2.1,10.7
2024-01-31,156,8.9,3.9,16.1
2024-02-01,156,6.5,4.9,8.7
2024-02-02,156,5.4,2.9,11.1
2024-02-03,156,5.9,2.7,10.5
2024-02-04,156,7.2,4.4,11.7
2024-02-05,156,5.9,4.9,7.3
2024-02-06,156,4.6,3.1,6.4
2024-02-07,156,2.4,-0.6,6.1
2024-02-08,156,1.7,-2.5,6.9
2024-02-09,156,2.3,-1.7,7.7
2024-02-10,156,3.2,-1.8,9.3
2024-02-11,156,3.2,-1.2,9.1
2024-02-12,156,5.8,-0.9,13
2024-02-13,156,10.6,3.4,17.6
2024-02-14,156,13.5,10.6,19
2024-02-15,156,6.4,0.5,12.4
2024-02-16,156,4.2,-1.3,10.9
2024-02-17,156,7.7,0.5,15.8
2024-02-18,156,10.9,4.2,14.9
2024-02-19,156,11.6,5.6,17
2024-02-20,156,6.9,4.9,8.5
2024-02-21,156,7.1,5.1,9
2024-02-22,156,4.5,3.6,5.6
2024-02-23,156,4.1,3.2,5.3
2024-02-24,156,4.2,1.8,8.1
2024-02-25,156,4.1,1.7,6.9
2024-02-26,156,5.5,0.6,12
2024-02-27,156,7,2.4,12.5
2024-02-28,156,8.5,1.7,15.6
2024-02-29,156,6.4,4.1,8.9
2024-03-01,156,-0.9,-3.7,4.2
2024-03-02,156,0.5,-5.4,7.1
2024-03-03,156,6.4,1.6,11.5
2024-03-04,156,8.3,3,13.8
2024-03-05,156,6.9,5.2,8.9
2024-03-06,156,9,4.5,14.7
2024-03-07,156,4.8,2.4,8.3
2024-03-08,156,4.2,1.1,8.7
2024-03-09,156,3.5,-0.7,9.3
2024-03-10,156,5.6,-1.6,14.1
2024-03-11,156,7.2,1.4,12.7
2024-03-12,156,5.3,2.9,9.2
2024-03-13,156,6.5,0.9,14
2024-03-14,156,7.9,1.3,16.4
2024-03-15,156,9.8,1.6,19.6
2024-03-16,156,11.4,2.5,21.9
2024-03-17,156,9.8,4.9,15.1
2024-03-18,156,8.8,1.9,17.7
2024-03-19,156,8.2,4.8,15.2
2024-03-20,156,5.4,2.9,9.7
2024-03-21,156,6.7,0.6,13.9
2024-03-22,156,11.4,3.8,17.9
2024-03-23,156,17.4,13.1,23.5
2024-03-24,156,12.7,11.1,15.8
2024-03-25,156,11,8.7,14.7
2024-03-26,156,8.7,5.9,12.2
2024-03-27,156,10.5,4.9,16
2024-03-28,156,10.5,9.4,11.4
2024-03-29,156,10.9,7,15.6
2024-03-30,156,13.1,4.8,22.6
2024-03-31,156,13.5,6,21
2024-04-01,156,15.4,7.1,24
2024-04-02,156,15.5,10,24.2
2024-04-03,156,14.3,13.4,15.2
2024-04-04,156,14,12.9,15.6
2024-04-05,156,14.3,11.4,20.2
2024-04-06,156,14.2,9.1,20.1
2024-04-07,156,16.8,8.5,24.9
2024-04-08,156,17.5,11.5,23.5
2024-04-09,156,15.8,10.1,23.4
2024-04-10,156,15.4,10.1,21.4
2024-04-11,156,16.1,12.6,20.8
2024-04-12,156,17.4,11.3,25.8
2024-04-13,156,19.5,12.2,27.6
2024-04-14,156,20,13.1,26.1
2024-04-15,156,17.7,14,20.1
2024-04-16,156,15.5,11.5,22.1
2024-04-17,156,15.9,9.1,24.4
2024-04-18,156,17.9,11.2,25.2
2024-04-19,156,19.1,11,27
2024-04-20,156,16.5,12.6,19.4
2024-04-21,156,15.6,14.3,16.9
2024-04-22,156,16.5,14.9,19.5
2024-04-23,156,15.5,11.6,20.3
2024-04-24,156,14,10.5,17.7
2024-04-25,156,16.4,8.1,25.6
2024-04-26,156,17.9,12.7,24.4
2024-04-27,156,19.6,12,28.2
2024-04-28,156,20.9,13,29.5
2024-04-29,156,16.4,14.2,20.6
2024-04-30,156,16.8,13.1,22.4
2024-05-01,156,14.8,12.7,17.6
2024-05-02,156,17,12.4,23.1
2024-05-03,156,19.3,11,27.7
2024-05-04,156,20.3,12.3,27.4
2024-05-05,156,19.1,17.9,20
2024-05-06,156,15.5,14.6,17.9
2024-05-07,156,14.7,13.3,16.3
2024-05-08,156,15.3,10.6,21.1
2024-05-09,156,16.6,10.1,23.3
2024-05-10,156,18.1,10.9,25.8
2024-05-11,156,19.3,16,25.8
2024-05-12,156,17.3,12.2,23.3
2024-05-13,156,18.3,11.8,25.7
2024-05-14,156,19.1,11.8,26.5
2024-05-15,156,14.8,10.4,24.3
2024-05-16,156,15.7,9.5,21.4
2024-05-17,156,19.1,12.9,25.6
2024-05-18,156,21.5,14.4,28.8
2024-05-19,156,21.8,14.6,29.5
2024-05-20,156,21.3,14.2,29.2
2024-05-21,156,21.5,16.1,28.4
2024-05-22,156,22.2,16.9,29
2024-05-23,156,22.9,17.9,30.2
2024-05-24,156,22.3,16,31
2024-05-25,156,22,17.5,27.4
2024-05-26,156,20.8,16.2,24.2
2024-05-27,156,19.4,15.6,24.2
2024-05-28,156,20.6,14.4,26.3
2024-05-29,156,22.1,15.4,29.3
2024-05-30,156,21.5,17.7,26.5
2024-05-31,156,21.1,17.2,27.5
2024-06-01,156,19.5,16.5,24.8
2024-06-02,156,20.7,14.6,27.2
2024-06-03,156,21.7,15,29.5
2024-06-04,156,21.6,16.7,28.6
2024-06-05,156,22.4,18,28.3
2024-06-06,156,22.1,17.9,27.3
2024-06-07,156,22.2,18.2,28.2
2024-06-08,156,20.2,18.5,21.6
2024-06-09,156,22.9,18.3,29
2024-06-10,156,24.6,18.1,31.7
2024-06-11,156,25.1,19.9,32.3
2024-06-12,156,25.5,19.5,32.9
2024-06-13,156,26.7,19.7,36.2
2024-06-14,156,26.4,20.5,32.6
2024-06-15,156,26.2,21.8,32.4
2024-06-16,156,24.6,21.2,30.1
2024-06-17,156,23.2,18.5,28.7
2024-06-18,156,25.8,19,34
2024-06-19,156,27.3,20.2,37.2
2024-06-20,156,23.3,21.7,25.1
2024-06-21,156,26,21.1,32.4
2024-06-22,156,23.6,21.6,24.7
2024-06-23,156,24,22.1,28.4
2024-06-24,156,24.2,21.6,28.5
2024-06-25,156,23.5,19.1,28.7
2024-06-26,156,24.3,18.1,30.7
2024-06-27,156,22,19.8,24.7
2024-06-28,156,25,18.6,31.8
2024-06-29,156,23.9,22.4,26.6
2024-06-30,156,24.1,23.3,25.7
2024-07-01,156,26,22.4,30
2024-07-02,156,27,23.7,31.2
2024-07-03,156,26.9,23.8,31.2
2024-07-04,156,27.5,23.3,32.7
2024-07-05,156,26.7,23.3,31.4
2024-07-06,156,27.4,25.3,30.4
2024-07-07,156,26.8,25.7,28.9
2024-07-08,156,26,25.4,27.6
2024-07-09,156,24.8,23.9,27.1
2024-07-10,156,24.7,23.4,27.9
2024-07-11,156,24,22.2,27.3
2024-07-12,156,25.5,22.4,29.7
2024-07-13,156,25.7,22.4,29.8
2024-07-14,156,24.6,22.8,27.7